Month,Income,Food,Transport,Entertainment,Shopping,Bills,Health,Others,Total_Expense,Savings
2000-01,40172,10363,3484,2077,2235,10388,1989,1262,31798,8374
2000-02,40278,10719,2266,2326,4966,13278,2252,1352,37159,3119
2000-03,40469,10673,1574,1434,4150,14859,1737,1305,35732,4737
2000-04,40568,7358,2358,1434,2446,12017,2331,748,28692,11876
2000-05,40696,11115,2041,1758,4128,12180,1796,1399,34417,6279
2000-06,40883,9472,2853,1784,3875,13031,1068,1045,33128,7755
2000-07,40938,11569,1704,1125,2042,13823,2994,610,33867,7071
2000-08,41067,9445,3435,2543,2899,14455,1899,780,35456,5611
2000-09,41212,9266,2166,1092,2671,11969,1060,1133,29357,11855
2000-10,41312,11124,2989,1603,2681,13900,1533,1928,35758,5554
2000-11,41431,6523,1845,2069,4593,11968,2101,1596,30695,10736
2000-12,41506,8296,1546,2144,4261,12286,2079,849,31461,10045
2001-01,41662,8878,1547,2596,2336,12055,1624,1776,30812,10850
2001-02,41758,6638,1555,1725,2525,14569,1027,577,28616,13142
2001-03,41937,6364,2165,1525,4746,14978,2030,1526,33334,8603
2001-04,42097,6918,2249,1362,3774,11531,2297,1305,29436,12661
2001-05,42261,9086,2715,2654,2484,12075,1713,1562,32289,9972
2001-06,42327,11350,1585,2497,2125,14632,1144,1735,35068,7259
2001-07,42401,7603,2917,1066,2232,12156,2169,610,28753,13648
2001-08,42561,7493,1533,1622,4795,12472,1612,1191,30718,11843
2001-09,42636,7761,2966,2975,4362,10876,2989,1900,33829,8807
2001-10,42718,7460,2161,1276,3733,11605,2526,1123,29884,12834
2001-11,42771,9421,2342,2469,4397,13735,1822,1660,35846,6925
2001-12,42951,6242,2042,2063,2228,12595,1919,1746,28835,14116
2002-01,43006,6467,3255,1074,2003,10645,1117,1380,25941,17065
2002-02,43149,8551,2446,1573,3464,14289,1846,1214,33383,9766
2002-03,43334,11554,1672,2323,3668,11141,1835,1223,33416,9918
2002-04,43403,10208,1639,1558,4048,14749,1319,638,34159,9244
2002-05,43552,8026,1758,2696,2901,14785,1009,760,31935,11617
2002-06,43739,8219,2397,1012,3191,13713,2619,820,31971,11768
2002-07,43851,11732,1828,1784,4824,11994,1910,1942,36014,7837
2002-08,43994,7118,3340,2604,4365,14027,1235,833,33522,10472
2002-09,44160,6375,2982,2160,4635,11570,1512,1819,31053,13107
2002-10,44273,8965,3095,2855,3372,13850,1872,1752,35761,8512
2002-11,44336,11947,2297,2314,2724,12898,2402,577,35159,9177
2002-12,44447,10227,2100,2772,3065,12136,1401,795,32496,11951
2003-01,44568,7318,2115,2549,4847,13762,2660,921,34172,10396
2003-02,44714,11142,2074,1142,2992,12712,1144,1748,32954,11760
2003-03,44816,9687,1603,2970,3970,10197,2669,1078,32174,12642
2003-04,45000,7202,3491,1553,3471,12035,1477,1754,30983,14017
2003-05,45087,7120,2520,1996,2950,12336,2277,695,29894,15193
2003-06,45222,7857,3045,1516,3658,11865,1864,1641,31446,13776
2003-07,45309,10910,1727,2900,4263,13228,2671,1784,37483,7826
2003-08,45405,8371,2343,2708,2129,10094,1626,1254,28525,16880
2003-09,45490,6793,3334,2306,4116,14106,2277,1371,34303,11187
2003-10,45577,9205,2211,1022,2814,10345,1301,862,27760,17817
2003-11,45766,8265,1640,2639,2984,11639,1827,1182,30176,15590
2003-12,45915,11443,2656,1887,3863,10126,2129,1508,33612,12303
2004-01,46056,9449,3428,2013,2050,13533,2319,1820,34612,11444
2004-02,46116,11526,3292,1813,3636,13476,2369,919,37031,9085
2004-03,46222,9072,3354,2973,2566,12708,2454,1468,34595,11627
2004-04,46324,6201,2959,1312,2116,10574,1243,1036,25441,20883
2004-05,46463,8122,3329,1385,2474,10417,1346,1139,28212,18251
2004-06,46620,10858,2702,2205,2663,14120,2990,1703,37241,9379
2004-07,46757,11280,1676,1284,2062,14757,1665,655,33379,13378
2004-08,46920,11588,2572,1966,2848,13432,1688,647,34741,12179
2004-09,47087,6341,1975,2086,3724,14422,2792,1664,33004,14083
2004-10,47259,6951,2222,2341,4079,12717,1284,1828,31422,15837
2004-11,47338,9495,2542,1017,2768,13057,1193,1001,31073,16265
2004-12,47500,8161,2745,2701,2946,14926,2667,1787,35933,11567
2005-01,47604,10895,2277,2481,3901,13451,1086,554,34645,12959
2005-02,47685,11297,2914,2372,2832,14408,1758,942,36523,11162
2005-03,47806,9310,2752,1578,3287,12143,2111,1601,32782,15024
2005-04,47887,9191,2313,1490,2451,10164,1181,968,27758,20129
2005-05,48078,6822,2443,1006,2329,10774,2696,650,26720,21358
2005-06,48212,10242,3147,2404,2914,11308,1699,581,32295,15917
2005-07,48263,7920,2314,1708,3939,13594,1745,1522,32742,15521
2005-08,48442,10802,1970,2142,2395,11555,1260,1304,31428,17014
2005-09,48628,11172,2439,2890,3523,13577,1853,1887,37341,11287
2005-10,48701,10688,2213,2181,4679,12106,2750,627,35244,13457
2005-11,48864,9186,2732,1525,2520,12599,2985,736,32283,16581
2005-12,48938,9430,2724,2781,3301,12541,1003,1165,32945,15993
2006-01,49016,9180,2109,2750,2804,10074,1837,1669,30423,18593
2006-02,49193,9924,1541,2379,2040,12081,2040,1676,31681,17512
2006-03,49364,10683,3122,2652,2341,14052,1026,1810,35686,13678
2006-04,49547,10826,1667,1609,4315,10454,1905,1924,32700,16847
2006-05,49718,9629,3099,1129,3845,11386,2728,1318,33134,16584
2006-06,49803,11490,2293,1028,2148,13850,2319,510,33638,16165
2006-07,49965,6186,2306,1743,3250,11333,1097,554,26469,23496
2006-08,50125,8711,2257,1405,4116,11785,2571,1250,32095,18030
2006-09,50322,7762,2767,2514,2364,10481,1200,653,27741,22581
2006-10,50444,8343,2540,2664,3240,10060,1938,541,29326,21118
2006-11,50518,11158,3326,1130,3252,14203,1171,1958,36198,14320
2006-12,50669,8322,3136,2067,4864,13004,2040,829,34262,16407
2007-01,50775,9894,3020,2838,2011,11341,2615,715,32434,18341
2007-02,50907,11895,2160,2104,3750,12421,1975,1209,35514,15393
2007-03,50981,11208,2791,2678,2488,10046,2311,1277,32799,18182
2007-04,51046,10806,1900,2942,3817,13157,1249,890,34761,16285
2007-05,51109,10430,2128,2542,2136,12930,1687,1326,33179,17930
2007-06,51240,9294,2489,1371,2934,13042,1401,1966,32497,18743
2007-07,51392,11392,3049,2182,4667,10130,1804,1694,34918,16474
2007-08,51549,6038,3050,2911,4544,13587,2372,1481,33983,17566
2007-09,51739,8769,2684,1015,2492,11131,1893,1973,29957,21782
2007-10,51843,6738,2693,1545,4461,14346,1758,1664,33205,18638
2007-11,51910,11727,3262,2914,2813,14124,1957,976,37773,14137
2007-12,52021,6244,2247,1696,2271,13511,2771,1762,30502,21519
2008-01,52191,10361,2425,1920,2339,14484,1576,502,33607,18584
2008-02,52382,6375,3193,1323,2145,14388,2688,931,31043,21339
2008-03,52504,10494,2316,2912,2963,12234,2828,560,34307,18197
2008-04,52677,10805,2306,2463,3325,13415,1010,1585,34909,17768
2008-05,52803,10867,3094,2607,3333,10884,2266,1889,34940,17863
2008-06,52926,10321,2324,1217,2936,12800,1505,758,31861,21065
2008-07,53095,9845,3040,2796,2053,10726,1688,1622,31770,21325
2008-08,53164,7913,3276,2596,3914,12466,1689,1349,33203,19961
2008-09,53275,6002,1659,2762,2780,10892,2112,828,27035,26240
2008-10,53392,7933,2880,2633,3290,11640,1951,1846,32173,21219
2008-11,53564,6987,3064,2672,3218,11355,1169,1020,29485,24079
2008-12,53653,7560,2784,2418,2954,10983,2147,1474,30320,23333
2009-01,53740,11370,3424,2199,3625,10913,1453,536,33520,20220
2009-02,53849,7711,2472,1795,2972,14688,2137,1563,33338,20511
2009-03,53943,6317,1848,1114,4745,11591,2063,539,28217,25726
2009-04,54083,7996,3272,2312,3285,14311,2170,835,34181,19902
2009-05,54224,7704,2280,1362,4604,11716,2193,855,30714,23510
2009-06,54280,6556,2325,1760,3054,14521,2417,1171,31804,22476
2009-07,54436,9508,3193,2574,4129,12403,2281,1088,35176,19260
2009-08,54497,6294,3485,2247,3548,13117,2690,1636,33017,21480
2009-09,54563,10455,2746,1865,2699,14543,1855,864,35027,19536
2009-10,54682,8514,1913,2478,2585,11247,1993,1935,30665,24017
2009-11,54791,8382,2745,1036,2988,10277,2219,1415,29062,25729
2009-12,54936,10579,2765,2347,2730,11040,1523,1417,32401,22535
2010-01,55130,6885,2204,1021,2473,13191,1209,805,27788,27342
2010-02,55193,10799,2186,1284,2715,13747,1762,1750,34243,20950
2010-03,55367,8507,2530,1028,2906,13104,2669,1378,32122,23245
2010-04,55495,9999,2446,1458,2569,13609,2505,1953,34539,20956
2010-05,55573,6515,2622,1396,2038,13342,1886,1296,29095,26478
2010-06,55697,7823,2653,2710,2973,13155,2045,1982,33341,22356
2010-07,55773,9778,2348,2405,4795,13511,2627,1488,36952,18821
2010-08,55843,10964,3478,1083,3682,14665,2915,1433,38220,17623
2010-09,55907,9233,3480,2186,3855,13056,1792,1291,34893,21014
2010-10,55968,7809,2794,1491,4255,13610,2607,1583,34149,21819
2010-11,56162,9676,2832,1519,2590,11050,2709,698,31074,25088
2010-12,56342,10444,2459,2963,2692,13899,1377,1398,35232,21110
2011-01,56539,6526,2676,1733,4253,13344,2917,1759,33208,23331
2011-02,56672,7763,2020,2701,3016,10116,1385,1867,28868,27804
2011-03,56793,6394,2587,2740,4768,14167,2812,773,34241,22552
2011-04,56906,10433,2889,2518,2606,10165,2567,510,31688,25218
2011-05,57000,6728,2300,1101,3415,10778,1213,1611,27146,29854
2011-06,57090,8448,2087,1888,3695,10591,2333,1609,30651,26439
2011-07,57231,8720,2213,1935,3951,14337,2888,501,34545,22686
2011-08,57313,11864,3496,2949,4636,10917,2126,693,36681,20632
2011-09,57465,6089,3209,1121,2142,13041,1105,1386,28093,29372
2011-10,57563,7895,3494,1316,3986,10634,2925,508,30758,26805
2011-11,57618,9144,2882,1222,3439,10552,2393,1215,30847,26771
2011-12,57675,9911,3213,2883,3107,14206,1250,882,35452,22223
2012-01,57731,6458,2607,1207,2899,13461,2337,521,29490,28241
2012-02,57907,6514,2650,1808,2873,14109,1970,1477,31401,26506
2012-03,57968,8134,3047,1908,3560,11266,1121,1670,30706,27262
2012-04,58072,6749,2879,1684,3927,13804,2654,808,32505,25567
2012-05,58153,6306,3335,2617,3989,10661,1548,1875,30331,27822
2012-06,58258,8920,2582,2666,4971,10754,1034,944,31871,26387
2012-07,58400,11326,1852,1902,3355,13888,1861,658,34842,23558
2012-08,58473,6403,2304,1515,4779,11387,2405,1031,29824,28649
2012-09,58572,7712,2446,1607,4467,11273,2140,1365,31010,27562
2012-10,58687,8382,2941,1931,3797,14390,2961,1254,35656,23031
2012-11,58851,10281,2769,1636,3291,13714,2260,1029,34980,23871
2012-12,58940,8958,3260,1866,2793,13591,1099,1251,32818,26122
2013-01,59076,9369,2439,1525,4381,10001,1374,792,29881,29195
2013-02,59194,10005,2504,1552,4365,11525,2851,880,33682,25512
2013-03,59354,6013,2003,1230,4008,13155,1129,1337,28875,30479
2013-04,59548,8938,3380,1027,4113,11252,1260,1972,31942,27606
2013-05,59642,9374,1786,2418,2629,10269,1591,1343,29410,30232
2013-06,59785,9432,2780,1132,3799,12360,1575,1385,32463,27322
2013-07,59862,9192,2630,2956,4734,12212,1304,655,33683,26179
2013-08,60022,7742,3425,1619,3274,10956,2939,833,30788,29234
2013-09,60201,6968,2010,2316,3043,10281,1796,1524,27938,32263
2013-10,60369,7058,1697,1484,3082,11008,1690,1729,27748,32621
2013-11,60430,10585,1775,1692,4289,11239,2274,625,32479,27951
2013-12,60529,9868,2708,2062,3246,13249,1918,1951,35002,25527
2014-01,60616,9923,1650,1383,3661,14403,2359,1245,34624,25992
2014-02,60789,10470,2531,2364,2128,11014,2799,1168,32474,28315
2014-03,60934,11477,2016,2518,2085,11198,2825,1716,33835,27099
2014-04,61038,11238,2741,1426,3993,13485,1113,1668,35664,25374
2014-05,61113,9719,1802,1743,2587,10986,2863,844,30544,30569
2014-06,61208,9072,2670,2310,3999,13124,2327,1592,35094,26114
2014-07,61362,9673,3481,2243,3009,10703,2989,1074,33172,28190
2014-08,61484,9232,3204,2112,2687,12632,2780,1088,33735,27749
2014-09,61601,9681,2904,2125,2493,11667,2637,518,32025,29576
2014-10,61732,7000,2802,1850,3388,13712,2367,1321,32440,29292
2014-11,61870,8772,3178,2088,2710,12190,1916,1327,32181,29689
2014-12,62012,11592,2940,1304,2735,13568,1290,601,34030,27982
2015-01,62072,9015,3145,1973,4889,10961,1941,1526,33450,28622
2015-02,62206,9865,1827,1815,3473,12501,2947,1128,33556,28650
2015-03,62267,11252,1803,2316,3763,12830,1042,1443,34449,27818
2015-04,62403,11445,3337,1497,4411,14986,1426,1504,38606,23797
2015-05,62473,6406,2118,2014,2335,11838,2140,1647,28498,33975
2015-06,62665,11923,2214,1050,2323,14884,1140,969,34503,28162
2015-07,62733,11921,2857,2916,2963,10372,2587,993,34609,28124
2015-08,62809,7692,2250,2179,4338,10105,2443,1169,30176,32633
2015-09,63004,10097,3468,1588,4691,12137,2368,849,35198,27806
2015-10,63060,9179,3109,2062,4956,13654,1958,811,35729,27331
2015-11,63151,11047,1535,2107,3475,13957,2798,1908,36827,26324
2015-12,63320,7708,2885,1558,4938,11300,1725,1743,31857,31463
2016-01,63506,9097,2020,2806,2009,12425,2656,1181,32194,31312
2016-02,63627,10815,2572,2177,2858,11316,2603,549,32890,30737
2016-03,63695,9683,2583,2190,4904,10145,1914,1492,32911,30784
2016-04,63813,7584,1982,2131,3249,14768,1630,1160,32504,31309
2016-05,64012,9503,2304,2678,4466,10987,2478,1683,34099,29913
2016-06,64072,6649,2468,1589,3100,10440,2277,1420,27943,36129
2016-07,64123,7343,3326,1262,3577,14008,2776,958,33250,30873
2016-08,64196,10795,1801,2554,3603,11241,2125,1053,33172,31024
2016-09,64277,7190,2120,2005,2035,14839,2764,852,31805,32472
2016-10,64457,6072,2147,2376,3914,12472,1998,1207,30186,34271
2016-11,64519,9713,2455,1516,4475,13610,1159,648,33576,30943
2016-12,64576,7735,3085,1066,4428,14153,2282,841,33590,30986
2017-01,64695,11249,2226,2195,4817,12661,2232,853,36233,28462
2017-02,64774,10211,2787,1661,3465,13619,1452,786,33981,30793
2017-03,64870,7016,1810,1207,4665,12493,1669,1132,29992,34878
2017-04,64974,8959,2535,1656,3423,11931,2671,1479,32654,32320
2017-05,65026,7679,3065,1236,2347,14725,2540,1771,33363,31663
2017-06,65183,8368,3156,1285,2148,14037,1405,1477,31876,33307
2017-07,65264,11280,2512,1783,4507,11523,1737,1008,34350,30914
2017-08,65455,10576,3186,1113,4796,11601,1360,840,33472,31983
2017-09,65506,8496,3366,1834,3203,11725,2430,1719,32773,32733
2017-10,65610,6261,2942,1405,4190,14437,2339,1624,33198,32412
2017-11,65671,6560,1541,1677,2593,11826,2181,1739,28117,37554
2017-12,65854,9138,3371,2030,2947,10072,1398,1928,30884,34970
2018-01,65969,10225,2430,2489,3811,14361,2560,1292,37168,28801
2018-02,66072,11408,1663,1094,3805,11133,1335,1321,31759,34313
2018-03,66246,8946,1982,2960,4949,11048,2676,1640,34201,32045
2018-04,66431,8964,2493,1963,2536,14223,2631,591,33401,33030
2018-05,66621,6542,2345,2555,3681,13036,2851,946,31956,34665
2018-06,66804,8719,3384,1042,2253,13201,2083,1162,31844,34960
2018-07,66884,11636,2990,2953,4825,14737,1381,1189,39711,27173
2018-08,66989,11582,1956,1982,4130,13976,2122,648,36396,30593
2018-09,67111,7179,1689,2517,2882,10399,1763,1108,27537,39574
2018-10,67164,11891,3138,2575,4832,12148,2382,1903,38869,28295
2018-11,67265,9292,2319,1419,2123,14517,2254,1586,33510,33755
2018-12,67430,11693,2267,1482,4566,12139,1981,954,35082,32348
2019-01,67565,9716,2009,2206,2385,12293,1741,1160,31510,36055
2019-02,67752,11542,2400,1064,4260,12009,1241,992,33508,34244
2019-03,67883,10268,2171,1163,2464,13042,1496,1199,31803,36080
2019-04,68071,10798,3440,1307,3791,14278,1628,1009,36251,31820
2019-05,68154,11683,2123,2787,2593,14839,2250,1959,38234,29920
2019-06,68245,8444,2124,1104,4239,10016,2143,892,28962,39283
2019-07,68423,6571,3083,1028,3120,10241,2849,731,27623,40800
2019-08,68493,6714,2258,1801,2775,14026,1725,699,29998,38495
2019-09,68621,9926,2355,2196,4514,12148,2031,1344,34514,34107
2019-10,68757,9456,3144,2458,2407,12711,2040,647,32863,35894
2019-11,68827,10327,3349,2950,2365,11674,1435,898,32998,35829
2019-12,69011,8546,2039,1562,4489,10772,1349,1875,30632,38379
2020-01,69068,11439,1637,2573,2991,13291,2360,1746,36037,33031
2020-02,69253,9839,1859,1920,4376,13009,1462,1445,33910,35343
2020-03,69351,7827,2905,1835,3613,11640,1168,716,29704,39647
2020-04,69522,10214,1689,1766,2369,12196,2699,1151,32084,37438
2020-05,69662,11607,2269,1373,2780,11716,1159,850,31754,37908
2020-06,69855,7311,2811,1891,3249,10522,1521,1282,28587,41268
2020-07,69921,6935,2925,1182,3688,14583,2850,1345,33508,36413
2020-08,70094,9697,2289,1413,4003,13243,2311,1958,34914,35180
2020-09,70256,9988,1621,2567,3245,10038,1496,1279,30234,40022
2020-10,70323,8196,2920,2021,4708,10301,2383,737,31266,39057
2020-11,70507,10758,1735,2759,4250,14351,1597,1161,36611,33896
2020-12,70645,8581,2359,2820,2769,14308,1462,935,33234,37411
2021-01,70721,9678,2986,2430,2087,10460,1277,920,29838,40883
2021-02,70867,8743,2014,1702,3653,12066,1022,912,30112,40755
2021-03,70946,11926,1607,2390,3304,13300,2134,635,35296,35650
2021-04,71101,9727,3107,1128,3899,11284,1514,948,31607,39494
2021-05,71282,11602,2747,2855,2873,13562,1472,1533,36644,34638
2021-06,71480,9967,1801,1230,3754,10922,2089,1436,31199,40281
2021-07,71641,11132,2916,1499,4979,12281,1601,813,35221,36420
2021-08,71744,9083,1708,2997,3037,13489,2460,1900,34674,37070
2021-09,71813,8634,3435,2778,3014,13895,2234,1624,35614,36199
2021-10,71994,7404,2655,2043,3929,11013,1226,1677,29947,42047
2021-11,72080,11588,2321,1870,4452,12085,1941,687,34944,37136
2021-12,72186,11036,2543,1272,4630,12563,2244,1025,35313,36873
2022-01,72238,10431,2197,2078,4547,12947,2911,1265,36376,35862
2022-02,72311,6161,3193,1593,3938,13259,1059,1414,30617,41694
2022-03,72409,9390,3401,1210,2405,10663,2132,1599,30800,41609
2022-04,72488,11433,2497,2140,4974,10867,2727,518,35156,37332
2022-05,72631,10278,1612,2206,4528,11169,1830,1636,33259,39372
2022-06,72727,11066,3348,2019,3141,11836,1160,900,33470,39257
2022-07,72780,6659,3275,2070,4010,10398,2733,577,29722,43058
2022-08,72953,6074,3394,1136,2601,13471,1836,999,29511,43442
2022-09,73063,6137,1549,2794,2972,13696,2885,753,30786,42277
2022-10,73230,8757,3372,2900,4610,13986,2449,1046,37120,36110
2022-11,73325,11017,2080,2372,3956,12003,1048,1416,33892,39433
2022-12,73448,6703,1760,1355,3625,13331,1637,1242,29653,43795
2023-01,73536,11105,2430,1640,4839,13384,1611,1308,36317,37219
2023-02,73645,10283,3092,2566,3619,14643,1724,1425,37352,36293
2023-03,73802,10713,1913,2365,3243,14998,1162,1743,36137,37665
2023-04,73865,6631,2405,2871,4014,11641,2752,704,31018,42847
2023-05,73984,11675,2340,2836,3251,11719,2642,1095,35558,38426
2023-06,74115,8297,2374,2464,4243,10689,2952,1593,32612,41503
2023-07,74291,7422,2171,2783,3171,13726,1943,698,31914,42377
2023-08,74489,7449,3189,1491,2895,14260,1313,520,31117,43372
2023-09,74620,9652,2654,2622,3753,12352,2938,870,34841,39779
2023-10,74758,10948,1883,2931,4492,10424,1160,1701,33539,41219
2023-11,74924,6894,1989,2016,4374,10597,2014,788,28672,46252
2023-12,75054,7687,3096,1572,4075,12090,2704,922,32146,42908
2024-01,75189,10272,2028,2633,2965,11517,1197,1109,31721,43468
2024-02,75303,10948,3040,2537,4069,13137,1841,597,36169,39134
2024-03,75496,11999,1934,1636,2587,10343,2959,1817,33275,42221
2024-04,75604,6610,3227,1242,3854,12608,1959,531,30031,45573
2024-05,75788,8324,2031,2177,4430,11091,2901,1383,32337,43451
2024-06,75980,8791,1712,1078,3749,12675,1603,1281,30889,45091
2024-07,76154,9048,2179,1057,2880,14542,1065,1777,32548,43606
2024-08,76334,7991,2567,2120,3577,11011,1226,1273,29765,46569
2024-09,76406,8426,2701,2450,4756,14402,1778,1003,35516,40890
2024-10,76467,9657,1507,2943,4555,10475,2320,663,32120,44347
2024-11,76601,11000,2058,2934,3967,12285,2127,1733,36104,40497
2024-12,76692,10563,2977,2291,4433,12822,1847,886,35819,40873
2025-01,76850,6258,1782,2649,3898,14135,1485,1428,31635,45215
2025-02,77028,11110,2523,2543,2612,10687,2642,1112,33229,43799
2025-03,77081,9013,1865,2781,3810,12591,1648,1313,33021,44060
2025-04,77249,11248,2074,2132,3910,13604,1669,768,35405,41844
2025-05,77302,6923,2625,2529,3758,11594,1246,630,29305,47997
2025-06,77448,8243,3316,2939,2929,13069,1644,726,32866,44582
2025-07,77506,7395,3009,2457,2645,12990,2387,956,31839,45667
2025-08,77686,6587,1975,2821,2985,14079,2300,655,31402,46284
2025-09,77769,10136,1806,1942,2337,11098,1952,778,30049,47720
2025-10,77946,7674,2361,2806,2930,14384,1723,1392,33270,44676
2025-11,78011,7089,1982,1935,4295,10155,2070,953,28479,49532
2025-12,78208,10219,1500,1967,2854,10639,1190,1015,29384,48824
2026-01,78304,11925,1642,2214,2532,11336,2652,1448,33749,44555
2026-02,78399,6459,2924,1550,2392,13938,2787,1344,31394,47005
2026-03,78563,9808,2145,2274,4266,12454,2466,1877,35290,43273
2026-04,78732,8597,1641,1611,2500,10839,1701,1095,27984,50748
2026-05,78894,6280,1923,1855,2269,14249,1613,1161,29350,49544
2026-06,79026,8946,2949,2298,4331,12220,2350,1586,34680,44346
2026-07,79148,8810,3159,2398,2632,11531,1786,1442,31758,47390
2026-08,79339,7143,2433,2460,3852,12723,1935,964,31510,47829
2026-09,79418,6264,1819,1672,4867,14916,2762,1500,33800,45618
2026-10,79545,8269,1540,2731,2067,10987,2799,1013,29406,50139
2026-11,79699,11717,3460,2655,3278,14790,2039,976,38915,40784
2026-12,79810,8479,3193,1267,3058,10778,2599,993,30367,49443
2027-01,79909,7492,3290,1660,3348,11299,2892,1512,31493,48416
2027-02,80095,11443,2558,1976,2481,10727,1479,1588,32252,47843
2027-03,80152,6342,2954,2447,4379,13659,1173,1058,32012,48140
2027-04,80216,7896,2158,1025,2819,10405,1231,1032,26566,53650
2027-05,80316,7573,3311,1504,2178,14227,2846,1978,33617,46699
2027-06,80457,6771,2929,1075,2578,12901,2515,693,29462,50995
2027-07,80597,8998,2884,2792,3110,14005,2285,713,34787,45810
2027-08,80791,10875,1761,1729,2282,13451,1361,1972,33431,47360
2027-09,80933,7644,2252,1866,3447,10141,2314,1955,29619,51314
2027-10,81066,11943,3212,1652,2700,12096,2325,1380,35308,45758
2027-11,81251,10650,1903,1891,4912,14697,2830,840,37723,43528
2027-12,81362,11482,3345,1381,4280,11800,2367,1316,35971,45391
2028-01,81452,6855,3312,1818,2182,13112,2574,896,30749,50703
2028-02,81512,7517,3182,1906,3356,12174,2581,500,31216,50296
2028-03,81669,6018,2855,1583,2455,13004,2132,1791,29838,51831
2028-04,81763,6987,2773,2476,2519,14954,1173,1866,32748,49015
2028-05,81896,11777,3485,2347,2989,13744,1638,919,36899,44997
2028-06,82027,7774,1911,1935,3107,13808,1331,1901,31767,50260
2028-07,82219,10006,3293,1958,2104,10201,1449,1789,30800,51419
2028-08,82410,10305,2062,2141,4760,10770,2107,953,33098,49312
2028-09,82576,9585,3128,2701,2386,13421,1295,757,33273,49303
2028-10,82706,10008,1767,1418,4282,11856,2334,1485,33150,49556
2028-11,82856,7236,2073,1048,3150,14318,1920,1802,31547,51309
2028-12,82943,7819,1776,2461,3130,12658,2452,874,31170,51773
2029-01,83065,10020,3157,2053,3889,11823,2474,694,34110,48955
2029-02,83193,11160,2586,1022,2359,12041,2848,1641,33657,49536
2029-03,83342,11499,3452,2943,2678,13361,1439,1432,36804,46538
2029-04,83398,9267,1920,2591,2832,13264,1558,1671,33103,50295
2029-05,83466,9273,2967,1913,4011,11442,2450,1506,33562,49904
2029-06,83641,10912,2380,2829,2575,10929,2711,1963,34299,49342
2029-07,83755,7054,2911,2648,3900,11457,1836,1425,31231,52524
2029-08,83924,9415,1942,2602,4122,14652,2795,1678,37206,46718
2029-09,84080,7257,3086,2841,4309,10910,1244,1041,30688,53392
2029-10,84251,8172,3072,1169,2123,13158,1645,1285,30624,53627
2029-11,84413,6796,1576,1058,4478,11936,1108,1507,28459,55954
2029-12,84484,10163,2592,2188,4352,11932,1673,864,33764,50720
2030-01,84619,10916,2902,1342,2946,11377,2439,1632,33554,51065
2030-02,84719,10857,3020,1340,4989,10382,2003,799,33390,51329
2030-03,84907,6358,2335,2522,3627,11303,2660,982,29787,55120
2030-04,85097,7134,2365,1138,2995,13170,2787,603,30192,54905
2030-05,85165,10260,2498,2876,4567,11307,1516,1156,34180,50985
2030-06,85315,8211,3409,2682,4046,13162,2140,766,34416,50899
2030-07,85418,7708,3082,2163,4293,13732,2781,894,34653,50765
2030-08,85472,6976,2707,2043,3960,10557,2017,1382,29642,55830
2030-09,85668,10761,2827,1619,3771,14959,1581,1522,37040,48628
2030-10,85819,7610,2940,2981,3239,12454,1398,1214,31836,53983
2030-11,85950,10699,3470,2710,4046,13822,1771,1402,37920,48030
2030-12,86108,10258,2571,1510,3863,10115,1940,836,31093,55015
2031-01,86270,9935,2339,1146,3346,12490,1836,1536,32628,53642
2031-02,86350,8767,2637,1479,2021,13420,2749,1182,32255,54095
2031-03,86466,9637,2405,2833,4367,14221,1276,1727,36466,50000
2031-04,86550,6695,2809,1056,2018,12311,1793,612,27294,59256
2031-05,86670,6541,2146,1578,3088,13363,1024,500,28240,58430
2031-06,86862,11668,1640,2767,2647,12235,2151,700,33808,53054
2031-07,87038,6256,3199,1546,4241,13175,2558,1788,32763,54275
2031-08,87121,11037,3497,2407,2413,12014,2381,1598,35347,51774
2031-09,87269,9655,3294,1909,2187,14044,2708,1813,35610,51659
2031-10,87363,9644,1582,2146,2357,12422,1161,1903,31215,56148
2031-11,87556,10545,2997,2036,4231,12158,2950,1007,35924,51632
2031-12,87639,8342,2974,1903,3238,10973,1631,1550,30611,57028
2032-01,87806,8780,2754,2588,4368,10436,1780,1926,32632,55174
2032-02,87908,9858,2836,2304,4773,12384,1182,1546,34883,53025
2032-03,87989,11565,2597,2033,3479,11589,2587,1159,35009,52980
2032-04,88152,7011,1552,1407,4894,12307,2228,1582,30981,57171
2032-05,88209,11585,2535,2654,3950,14045,2313,1349,38431,49778
2032-06,88356,11194,2372,2739,3464,11264,2017,1677,34727,53629
2032-07,88423,9167,3249,1293,4256,13414,2111,1317,34807,53616
2032-08,88480,8437,1824,1939,2888,10667,2674,1132,29561,58919
2032-09,88594,11738,3182,1136,3946,14523,2475,1111,38111,50483
2032-10,88725,6818,1640,2106,4224,10197,1623,1190,27798,60927
2032-11,88919,6470,1717,2948,2928,13899,2752,1131,31845,57074
2032-12,89106,10118,3248,2940,2234,10928,2559,1022,33049,56057
2033-01,89172,9523,1930,1792,3629,14628,2875,1478,35855,53317
2033-02,89361,7316,2309,1912,3124,12587,2023,1878,31149,58212
2033-03,89457,7519,3181,2791,3997,10226,2259,1372,31345,58112
2033-04,89630,11574,2536,1209,4788,10396,2123,530,33156,56474
2033-05,89809,10744,1828,2189,3482,13893,1951,1623,35710,54099
2033-06,89967,7878,2696,2772,2161,13976,2751,1275,33509,56458
2033-07,90023,11923,1773,2026,3051,10939,2172,1039,32923,57100
2033-08,90126,7461,2588,1355,2234,11548,2336,548,28070,62056
2033-09,90293,8101,3173,1564,3067,12100,2609,1057,31671,58622
2033-10,90355,9748,2625,2815,4005,14493,2161,1174,37021,53334
2033-11,90535,8158,2113,1016,2883,14636,1170,908,30884,59651
2033-12,90706,9259,2357,1229,2118,13227,1783,964,30937,59769
2034-01,90859,9675,2197,2995,3705,12222,2757,1244,34795,56064
2034-02,91042,9462,3259,2524,2664,10032,1054,1018,30013,61029
2034-03,91148,9709,1511,2551,2719,14579,1972,1751,34792,56356
2034-04,91308,10402,1956,1159,2330,14320,1982,1228,33377,57931
2034-05,91402,9285,2582,1643,2615,10194,2948,988,30255,61147
2034-06,91549,11345,1911,2228,3102,11241,1515,1627,32969,58580
2034-07,91735,6630,3168,2847,4655,10979,1433,1854,31566,60169
2034-08,91927,9871,2039,1277,2232,11552,2594,1613,31178,60749
2034-09,92082,9512,1525,2048,3417,10460,2716,955,30633,61449
2034-10,92235,11187,2506,1862,3994,10490,2856,1572,34467,57768
2034-11,92336,9173,1715,2461,3723,11592,1558,658,30880,61456
2034-12,92411,7776,3405,1004,3843,12295,2589,1445,32357,60054
2035-01,92475,8783,3096,2145,4324,12500,2413,1817,35078,57397
2035-02,92586,8645,1945,1209,4761,12349,2932,1746,33587,58999
2035-03,92638,11085,3041,2116,4567,13499,1492,1758,37558,55080
2035-04,92795,9232,3244,2775,4378,12380,1049,1362,34420,58375
2035-05,92914,9752,1771,1579,3890,11275,1559,1195,31021,61893
2035-06,93027,8493,2516,2355,3162,10356,2624,773,30279,62748
2035-07,93095,6869,2385,1153,3413,11283,1619,1382,28104,64991
2035-08,93173,9642,1624,2377,3296,14714,2834,744,35231,57942
2035-09,93302,6929,2770,1519,4409,10007,1477,1875,28986,64316
2035-10,93445,11158,2092,1186,4801,10085,2067,636,32025,61420
2035-11,93568,9619,3136,2535,4218,12217,2787,1371,35883,57685
2035-12,93683,9638,1955,1943,3626,12837,1612,1678,33289,60394
2036-01,93853,10444,2974,2899,3676,11196,1009,1239,33437,60416
2036-02,93911,7461,3283,2270,2666,12176,2695,1100,31651,62260
2036-03,94053,10422,3276,2858,2979,12451,1628,1882,35496,58557
2036-04,94193,9929,2217,2040,2273,14780,1115,1360,33714,60479
2036-05,94333,7105,1823,1960,4161,10153,2900,1927,30029,64304
2036-06,94498,11385,1814,2738,3064,14200,2924,1716,37841,56657
2036-07,94692,8401,2515,2772,3960,12780,2603,1208,34239,60453
2036-08,94880,8871,2446,1660,4146,12635,1281,902,31941,62939
2036-09,95038,6699,1698,2326,4038,14647,2668,904,32980,62058
2036-10,95219,8838,2373,1083,3422,12675,2132,720,31243,63976
2036-11,95404,7391,2670,1111,2614,12971,2517,974,30248,65156
2036-12,95521,6270,1920,2920,4754,11390,2303,1806,31363,64158
2037-01,95610,11089,3059,1535,2289,12480,1470,1704,33626,61984
2037-02,95775,6278,2376,1580,2862,10253,1180,1180,25709,70066
2037-03,95881,9832,2199,1565,3349,11380,2848,1179,32352,63529
2037-04,96065,11734,3457,2108,2211,10383,2714,841,33448,62617
2037-05,96161,7987,2343,2061,3534,14515,1750,1692,33882,62279
2037-06,96351,9414,3349,1305,4749,14964,1536,1635,36952,59399
2037-07,96526,10591,2902,2070,3909,13811,2574,1003,36860,59666
2037-08,96597,10308,1809,1660,3991,10271,2594,1437,32070,64527
2037-09,96678,10538,1661,1766,2253,10520,1976,509,29223,67455
2037-10,96744,9907,3083,1435,3134,10152,2658,1416,31785,64959
2037-11,96894,8800,3356,2214,3752,12610,2827,1604,35163,61731
2037-12,97070,11207,2717,1103,3914,13072,2006,906,34925,62145
2038-01,97241,6166,2008,2661,4360,13664,2441,1262,32562,64679
2038-02,97363,11260,2081,1261,3363,11331,1244,1860,32400,64963
2038-03,97475,6560,2599,2903,2174,12156,1182,691,28265,69210
2038-04,97589,9920,2462,2497,3567,11151,2475,868,32940,64649
2038-05,97721,6042,3407,2442,4535,14173,1825,1793,34217,63504
2038-06,97902,9386,2424,2874,2901,10992,2968,1691,33236,64666
2038-07,98034,8240,2976,1282,2389,10999,1524,1763,29173,68861
2038-08,98147,11602,2158,1715,2890,11481,2112,1618,33576,64571
2038-09,98198,9093,2382,1312,2839,12566,2229,874,31295,66903
2038-10,98361,9062,2094,2202,3233,14595,1463,1647,34296,64065
2038-11,98523,11131,2649,2588,4378,11924,2306,639,35615,62908
2038-12,98717,8949,2620,1516,4616,10887,2082,1556,32226,66491
2039-01,98828,6049,3403,2512,2018,14821,1196,1973,31972,66856
2039-02,98924,6451,1788,2164,3107,13765,1390,714,29379,69545
2039-03,98987,9474,1627,2845,2759,12761,1360,1068,31894,67093
2039-04,99172,11693,3192,1201,4064,12369,1517,1848,35884,63288
2039-05,99283,10776,3488,2105,3491,14520,2968,1727,39075,60208
2039-06,99403,8434,2277,1097,3826,10207,2537,1085,29463,69940
2039-07,99474,6153,3462,2462,2218,14764,2518,729,32306,67168
2039-08,99543,8600,2449,1147,2402,14691,2506,866,32661,66882
2039-09,99658,11533,2832,1801,4965,11742,2306,572,35751,63907
2039-10,99803,10655,2849,1744,3466,14195,2082,1007,35998,63805
2039-11,99854,10508,2975,2088,4642,11177,1265,1320,33975,65879
2039-12,99982,10757,2446,1559,4964,11271,2813,1367,35177,64805
2040-01,100129,8461,1524,1283,3472,12928,1300,1591,30559,69570
2040-02,100185,6816,2660,2187,2082,11920,2673,1943,30281,69904
2040-03,100307,8093,2117,1927,4309,10175,2189,1156,29966,70341
2040-04,100430,6369,3318,1053,2689,13490,2779,1864,31562,68868
2040-05,100606,11528,3447,1366,2643,13676,1378,572,34610,65996
2040-06,100802,11367,2359,2808,2042,12424,2064,669,33733,67069
2040-07,100890,6368,2256,1150,3134,12784,2389,568,28649,72241
2040-08,100982,11039,2301,1295,4250,10060,1945,1462,32352,68630
2040-09,101093,7337,2684,1330,3551,14433,2629,1827,33791,67302
2040-10,101280,7361,3073,1638,2274,12366,1588,1003,29303,71977
2040-11,101460,7993,2369,1832,3014,11911,1602,1190,29911,71549
2040-12,101582,8556,1889,2642,2294,14027,1795,1364,32567,69015
2041-01,101668,10744,3373,1567,4900,12817,1444,862,35707,65961
2041-02,101840,11307,2241,1679,4467,13697,2275,1858,37524,64316
2041-03,101981,6062,3185,1511,3162,13769,2208,1728,31625,70356
2041-04,102034,10351,1634,2596,2874,14917,1087,1487,34946,67088
2041-05,102212,6822,2526,1973,4981,10120,2408,1561,30391,71821
2041-06,102346,11103,2424,1644,4032,12761,1859,520,34343,68003
2041-07,102504,11715,3118,1802,2963,14164,2152,695,36609,65895
2041-08,102693,9515,1782,1311,2745,13606,2688,776,32423,70270
2041-09,102803,9390,3413,1051,4200,12591,1566,1912,34123,68680
2041-10,102888,10717,2700,2385,2313,12854,1847,596,33412,69476
2041-11,103050,7236,2328,1136,3029,12156,1546,1562,28993,74057
2041-12,103249,8472,2129,1260,2086,12512,1075,970,28504,74745
2042-01,103355,8942,2225,1456,3308,13310,2700,1152,33093,70262
2042-02,103450,10590,3147,2942,3068,13318,2639,1096,36800,66650
2042-03,103633,9089,3129,1661,2757,14384,2437,1220,34677,68956
2042-04,103808,6498,2473,1633,3673,13067,1114,1431,29889,73919
2042-05,103885,8253,3202,1246,4805,10146,1117,1905,30674,73211
2042-06,104006,8410,3032,1136,2018,12242,1329,674,28841,75165
2042-07,104153,11618,1640,1757,3920,12977,1092,738,33742,70411
2042-08,104250,11552,1744,1831,4972,14390,1639,1355,37483,66767
2042-09,104325,10166,2792,2348,2304,10816,2126,1320,31872,72453
2042-10,104436,10624,1670,2560,2250,11788,2410,1730,33032,71404
2042-11,104514,9700,1915,1793,3403,11167,1024,1167,30169,74345
2042-12,104636,8679,3347,2856,2504,11621,1335,924,31266,73370
2043-01,104793,8994,2129,2768,3222,10717,2436,838,31104,73689
2043-02,104989,11057,3460,1428,2898,14234,2716,1441,37234,67755
2043-03,105068,8104,2755,1657,4482,10383,1559,693,29633,75435
2043-04,105253,8581,2017,1715,4798,12339,2358,1231,33039,72214
2043-05,105418,8872,2572,1684,2081,12604,1334,1031,30178,75240
2043-06,105590,7769,3256,1322,3874,10002,2717,705,29645,75945
2043-07,105703,10135,1558,1950,4621,14739,2530,1342,36875,68828
2043-08,105874,8666,1595,2882,2897,11085,2279,1060,30464,75410
2043-09,106060,6670,2647,2505,4364,13575,1718,1571,33050,73010
2043-10,106245,6249,1813,2892,3853,12854,2503,1837,32001,74244
2043-11,106393,11330,3227,1043,4618,14678,2115,1788,38799,67594
2043-12,106569,6219,3425,1924,4448,13471,1726,1490,32703,73866
2044-01,106749,7812,3099,1857,2803,10489,2508,1993,30561,76188
2044-02,106860,8891,3205,2468,4314,10053,1527,1115,31573,75287
2044-03,106968,11944,2563,2260,2954,12433,2629,1233,36016,70952
2044-04,107155,8347,1894,2230,3359,12640,2753,1013,32236,74919
2044-05,107344,6370,2357,1790,2657,10383,1061,1004,25622,81722
2044-06,107454,11248,2489,1684,4015,14251,2940,1901,38528,68926
2044-07,107613,6922,2367,1902,3609,13046,2460,1474,31780,75833
2044-08,107794,7814,2386,1837,4007,11363,2892,839,31138,76656
2044-09,107871,10487,2268,2700,4622,12581,2093,1392,36143,71728
2044-10,108069,6607,3198,2614,3540,12875,2143,1189,32166,75903
2044-11,108252,11336,1555,1365,3722,13575,2767,954,35274,72978
2044-12,108405,10172,1729,2937,4378,11205,1892,1187,33500,74905
2045-01,108481,9347,3175,1298,2956,11114,1479,1072,30441,78040
2045-02,108639,11794,1850,2678,4300,12828,2904,1302,37656,70983
2045-03,108837,10594,2449,2994,4046,14603,2327,1000,38013,70824
2045-04,108921,6165,2938,1461,2919,10113,2456,1491,27543,81378
2045-05,109070,9839,2758,2465,2514,14804,2876,1648,36904,72166
2045-06,109257,10434,2036,1067,3596,14478,1018,1182,33811,75446
2045-07,109380,6572,2438,2688,3299,12258,1854,1150,30259,79121
2045-08,109539,11089,2194,1539,3338,14996,2586,1279,37021,72518
2045-09,109638,11877,2636,1169,3944,11037,2738,787,34188,75450
2045-10,109826,8961,2678,2590,4741,11098,1276,1439,32783,77043
2045-11,110008,9414,2948,1570,4904,12505,1917,1332,34590,75418
2045-12,110121,7678,2115,2995,2405,11749,2777,1442,31161,78960
2046-01,110263,8477,2153,2457,2433,11135,2952,874,30481,79782
2046-02,110371,11162,1706,1779,3319,11141,1531,1745,32383,77988
2046-03,110551,9255,1589,2117,2012,13020,2857,1304,32154,78397
2046-04,110666,9875,2961,2561,3610,12923,2959,1673,36562,74104
2046-05,110863,11148,1795,1985,2925,14735,1339,1127,35054,75809
2046-06,111056,6941,2329,2770,4566,10975,2068,1454,31103,79953
2046-07,111193,9327,3034,2096,4978,14274,1211,1757,36677,74516
2046-08,111361,7230,2106,1884,4413,13856,2087,1309,32885,78476
2046-09,111504,6924,3438,1493,3546,11094,1363,1069,28927,82577
2046-10,111587,6762,1775,1049,4775,14659,1782,984,31786,79801
2046-11,111720,9970,3328,2661,4040,10583,2319,735,33636,78084
2046-12,111825,7942,1859,2930,2109,10191,1903,1616,28550,83275
2047-01,111968,7083,2149,1038,2636,11036,1035,600,25577,86391
2047-02,112043,9157,3039,2246,3361,14261,1382,1899,35345,76698
2047-03,112114,9713,1530,2398,2010,12011,2325,595,30582,81532
2047-04,112173,7447,2651,1237,3943,13183,2851,1969,33281,78892
2047-05,112309,9216,2588,2270,4782,10990,2513,1324,33683,78626
2047-06,112464,6225,2276,1789,3112,10687,1529,1894,27512,84952
2047-07,112658,11518,1605,2294,3998,11526,1678,1348,33967,78691
2047-08,112739,8440,1539,1659,3105,10844,2743,700,29030,83709
2047-09,112864,9109,2734,1443,3350,10226,1047,1541,29450,83414
2047-10,113057,11558,3330,2731,2186,12877,1487,1376,35545,77512
2047-11,113187,8032,2752,2413,2978,11881,1269,809,30134,83053
2047-12,113368,7574,2595,2816,4892,11695,2210,985,32767,80601
2048-01,113537,6219,1552,2757,3474,11666,2260,1257,29185,84352
2048-02,113736,8294,1571,2853,4232,12053,2229,1405,32637,81099
2048-03,113916,11887,2198,2099,3200,10826,2822,848,33880,80036
2048-04,114034,6307,2868,2150,3960,12334,1765,1224,30608,83426
2048-05,114167,9558,1882,2429,4435,14620,2580,1138,36642,77525
2048-06,114330,6275,1999,1716,2336,11973,1931,980,27210,87120
2048-07,114508,6910,3496,2296,3351,14204,2302,827,33386,81122
2048-08,114565,6314,2997,2134,4746,14876,2958,1752,35777,78788
2048-09,114630,6886,2525,1757,2721,10912,2309,1370,28480,86150
2048-10,114692,6497,3256,1237,3117,13409,1780,1694,30990,83702
2048-11,114835,7647,3090,1848,4983,10142,2224,1703,31637,83198
2048-12,114992,10660,1970,1383,3715,14512,2848,807,35895,79097
2049-01,115178,7717,2890,2024,3067,12786,2866,1621,32971,82207
2049-02,115236,9871,3306,1139,3504,13308,1973,1516,34617,80619
2049-03,115421,6071,3190,2213,3291,11344,1106,1755,28970,86451
2049-04,115512,6882,1638,1614,4910,11504,1415,1005,28968,86544
2049-05,115646,6423,2930,2591,2389,14437,1945,1113,31828,83818
2049-06,115749,11831,2756,2968,2226,12186,1855,1316,35138,80611
2049-07,115947,7473,2586,1103,3874,10870,1667,772,28345,87602
2049-08,116002,9218,1683,2051,3573,13190,1292,1894,32901,83101
2049-09,116119,9797,2741,1176,4105,10307,2593,1811,32530,83589
2049-10,116273,7251,2770,1699,3517,11378,2773,1295,30683,85590
2049-11,116451,7961,1709,1815,4656,12494,1459,1467,31561,84890
2049-12,116614,10005,3015,1922,2136,14462,1911,683,34134,82480
2050-01,116739,9358,1971,2398,4701,12796,1536,1301,34061,82678
2050-02,116855,7273,2419,1509,4677,13049,2096,1805,32828,84027
2050-03,117052,9081,2734,2858,2151,11028,2218,1806,31876,85176
2050-04,117214,6270,2686,1459,2104,13764,2579,1805,30667,86547
2050-05,117358,10529,2351,1139,3494,14182,2711,682,35088,82270
2050-06,117519,6128,2769,2624,3601,14765,2922,1901,34710,82809
2050-07,117717,11080,2351,2456,2627,13797,2492,945,35748,81969
2050-08,117882,8341,3288,2166,2249,12925,1947,1474,32390,85492
2050-09,117977,6983,2388,1889,4117,12672,1874,1635,31558,86419
2050-10,118134,7326,1970,2987,2090,10529,1660,1238,27800,90334
2050-11,118287,7686,1691,2986,4185,14440,2203,1508,34699,83588
2050-12,118397,10287,1504,2913,3716,10310,1548,555,30833,87564
2051-01,118548,9932,2720,1584,3594,12799,2537,1972,35138,83410
2051-02,118701,11819,2318,1029,3802,12011,1107,1343,33429,85272
2051-03,118840,8764,2390,2991,3982,10731,2913,1105,32876,85964
2051-04,118992,9806,2197,2719,2673,11587,1856,1396,32234,86758
2051-05,119063,10647,3136,1110,4432,13904,1760,1714,36703,82360
2051-06,119261,11454,2732,1021,2677,12658,2231,507,33280,85981
2051-07,119327,10624,2101,2676,2656,10165,1848,995,31065,88262
2051-08,119454,10524,2273,1162,4413,11262,1071,1968,32673,86781
2051-09,119646,9580,3318,1268,3776,12462,2268,1515,34187,85459
2051-10,119755,10101,3232,1981,4617,10406,2240,525,33102,86653
2051-11,119851,9076,2485,2555,2389,10709,1570,1971,30755,89096
2051-12,120046,7411,2284,2272,2525,11485,1012,1402,28391,91655
2052-01,120223,10651,2386,2422,2018,14670,2514,1250,35911,84312
2052-02,120353,8466,3438,2939,3635,11698,2951,621,33748,86605
2052-03,120446,7895,3443,2340,4428,14240,2350,862,35558,84888
2052-04,120545,11184,1854,1799,4873,11151,1397,1379,33637,86908
2052-05,120662,6807,1686,2743,2731,14524,1857,1807,32155,88507
2052-06,120807,8284,2717,2310,2770,10757,1135,1291,29264,91543
2052-07,120871,10266,1658,1200,3580,10961,2799,1082,31546,89325
2052-08,121028,8418,1602,2001,3148,13384,1975,1297,31825,89203
2052-09,121223,11316,3408,1732,2422,13681,1170,1905,35634,85589
2052-10,121366,7975,3157,1493,4667,13075,2116,1418,33901,87465
2052-11,121421,6287,3141,2169,3447,10607,1456,1725,28832,92589
2052-12,121476,8671,1875,2914,2446,14930,2129,1310,34275,87201
2053-01,121670,11507,2458,2475,4896,10808,1978,915,35037,86633
2053-02,121754,7216,1649,2903,4806,10778,1972,1262,30586,91168
2053-03,121806,11512,2839,1075,2598,13341,1224,612,33201,88605
2053-04,121928,7814,2213,2106,2124,13246,2092,1570,31165,90763
2053-05,122093,11375,3250,1029,4328,12971,2260,1771,36984,85109
2053-06,122254,10590,2548,2609,2717,13561,2016,1837,35878,86376
2053-07,122397,10470,2138,2960,3048,11357,2378,615,32966,89431
2053-08,122494,7801,1598,2482,3546,11620,1404,1737,30188,92306
2053-09,122678,9792,2971,1893,3599,14905,1977,553,35690,86988
2053-10,122802,6783,1740,2778,3553,14578,2012,686,32130,90672
2053-11,122941,11048,2887,1490,2430,10238,1303,797,30193,92748
2053-12,123066,7356,3423,1998,3781,14922,2946,782,35208,87858
2054-01,123194,7902,3410,2965,2574,14987,1011,640,33489,89705
2054-02,123286,6016,2586,1252,2464,14471,2827,1480,31096,92190
2054-03,123343,11956,1589,1719,4851,12843,1629,1698,36285,87058
2054-04,123468,6925,3186,1399,3805,10969,2094,1703,30081,93387
2054-05,123641,7404,2816,1796,2194,13982,1227,1954,31373,92268
2054-06,123709,10556,2117,2044,2063,12074,2334,1511,32699,91010
2054-07,123787,11779,1780,1837,2830,11187,2921,1417,33751,90036
2054-08,123852,6949,3391,2053,2044,11810,1470,533,28250,95602
2054-09,124042,9498,2329,2909,4268,12581,1691,1890,35166,88876
2054-10,124164,11669,2081,2139,4286,13406,1440,647,35668,88496
2054-11,124222,7311,1887,2073,3873,13588,1915,1137,31784,92438
2054-12,124346,9748,1777,2977,3859,13036,2323,1088,34808,89538
2055-01,124437,10713,3130,1134,2579,11170,1489,977,31192,93245
2055-02,124614,10258,1940,2876,3212,12462,2362,1704,34814,89800
2055-03,124695,11953,1686,2907,3161,10129,1193,815,31844,92851
2055-04,124761,11983,1643,1015,4470,10244,1926,1630,32911,91850
2055-05,124898,8176,2406,1886,2340,12051,2350,1933,31142,93756
2055-06,125058,6305,2407,1606,3371,10320,1558,1704,27271,97787
2055-07,125213,11505,3141,2815,3131,12578,1409,1819,36398,88815
2055-08,125312,11290,2854,1492,2011,10194,1489,1294,30624,94688
2055-09,125474,8229,2461,2840,2655,12077,2619,1619,32500,92974
2055-10,125648,10873,1943,1297,2807,10844,2015,1884,31663,93985
2055-11,125815,6553,1802,1420,3269,11260,2557,684,27545,98270
2055-12,125971,11402,3076,1335,4209,13672,2345,511,36550,89421
2056-01,126093,10683,3381,1200,2521,11887,1504,1287,32463,93630
2056-02,126181,10155,2077,1320,3458,13479,1922,1909,34320,91861
2056-03,126287,11197,2717,2308,2526,12660,2179,1863,35450,90837
2056-04,126461,10966,1779,1916,4669,12893,2892,1173,36288,90173
2056-05,126638,8361,1831,2173,4039,14131,2708,1943,35186,91452
2056-06,126709,8686,2347,2980,3379,14535,1728,1619,35274,91435
2056-07,126906,6194,2162,1479,2122,11423,1698,1464,26542,100364
2056-08,127104,9175,3278,2485,4014,13789,1709,895,35345,91759
2056-09,127297,11456,2504,2622,4364,13629,2823,1924,39322,87975
2056-10,127400,10651,2109,2796,4156,13866,1371,1354,36303,91097
2056-11,127553,8253,2346,1042,2864,11268,2310,1878,29961,97592
2056-12,127619,10571,1582,2133,4237,14054,1799,1435,35811,91808
2057-01,127809,8338,3168,2224,2325,11534,2432,1336,31357,96452
2057-02,127947,7270,2140,2747,4987,14703,2610,1065,35522,92425
2057-03,128084,10042,3448,1053,3753,12575,1610,692,33173,94911
2057-04,128260,8105,2960,2134,2128,14801,2948,1351,34427,93833
2057-05,128379,10103,1528,2135,4994,13744,1130,687,34321,94058
2057-06,128536,7644,1775,2096,3702,10242,2810,1625,29894,98642
2057-07,128726,9512,2609,2499,4099,12158,2972,1376,35225,93501
2057-08,128861,11162,1710,2991,4035,13271,2833,1357,37359,91502
2057-09,129025,7049,3442,1298,2923,14232,2043,939,31926,97099
2057-10,129113,10875,2730,1438,3802,12713,2065,910,34533,94580
2057-11,129173,8853,2109,1426,3471,12949,1941,1241,31990,97183
2057-12,129335,7243,3100,2890,3255,14423,2466,551,33928,95407
2058-01,129502,7966,1875,1262,2266,13388,2347,1151,30255,99247
2058-02,129602,7652,2944,1045,2599,14815,2912,1792,33759,95843
2058-03,129740,6380,1617,2589,4163,14355,2098,804,32006,97734
2058-04,129796,6365,3157,1522,3461,12476,1790,1246,30017,99779
2058-05,129956,6312,2037,1920,3077,12829,1333,1297,28805,101151
2058-06,130097,6272,2462,1719,3773,12547,2116,1184,30073,100024
2058-07,130225,10717,2740,1946,4405,12665,1506,1704,35683,94542
2058-08,130338,6243,2005,1421,4264,13590,2301,1508,31332,99006
2058-09,130461,10745,2964,1390,3519,14476,2329,1241,36664,93797
2058-10,130562,6672,2012,2771,4996,11211,1929,1412,31003,99559
2058-11,130743,10522,2001,1729,3283,12118,1477,1701,32831,97912
2058-12,130827,9836,2419,1291,3969,10755,2658,1806,32734,98093
2059-01,130908,7869,1876,2681,3179,10507,2436,1027,29575,101333
2059-02,131056,6558,3286,2210,4307,14516,2552,803,34232,96824
2059-03,131144,9715,2041,2693,3301,12155,1267,721,31893,99251
2059-04,131229,11649,2613,1692,2254,11478,1252,756,31694,99535
2059-05,131405,6441,3381,1598,3113,13820,1389,1081,30823,100582
2059-06,131498,7735,3187,1597,2018,11124,2937,1106,29704,101794
2059-07,131648,11661,3284,2961,4080,11547,2653,1361,37547,94101
2059-08,131834,7269,1904,1843,3782,11564,2184,1246,29792,102042
2059-09,132000,6270,2269,2715,3510,13956,1171,773,30664,101336
2059-10,132052,7158,3206,2745,3771,10421,2444,1709,31454,100598
2059-11,132209,10675,2390,1721,2880,11473,2195,882,32216,99993
2059-12,132392,7449,2548,1502,3590,14239,2886,1935,34149,98243
2060-01,132560,10528,1764,1953,2428,13733,1415,1976,33797,98763
2060-02,132651,9124,1979,2466,3353,13322,2830,1389,34463,98188
2060-03,132715,6924,1622,2902,3410,14873,1347,528,31606,101109
2060-04,132799,9589,2919,1622,2588,13218,2090,1403,33429,99370
2060-05,132856,10086,1621,1339,2174,11714,1596,950,29480,103376
2060-06,132950,11255,3378,2039,3356,13266,2519,508,36321,96629
2060-07,133059,7016,1826,1014,2838,11637,1225,1948,27504,105555
2060-08,133130,9479,1612,2451,4048,12313,2514,1731,34148,98982
2060-09,133289,11831,2451,2392,2305,13536,2723,1891,37129,96160
2060-10,133416,6419,2388,2814,4218,14229,1964,1950,33982,99434
2060-11,133490,11649,2713,2164,3869,11819,1657,1838,35709,97781
2060-12,133602,11560,2615,1178,3079,14206,1136,731,34505,99097
2061-01,133719,6813,2772,1993,4031,10322,1921,1403,29255,104464
2061-02,133774,11911,2955,2510,4653,12476,2292,647,37444,96330
2061-03,133941,6849,1866,1849,3089,14041,1812,1893,31399,102542
2061-04,134053,10683,1994,1972,3137,13182,2784,1962,35714,98339
2061-05,134249,10130,2498,2332,4585,14469,1556,1951,37521,96728
2061-06,134349,8934,2225,2686,3873,14534,2755,1198,36205,98144
2061-07,134431,8962,3063,1890,2691,12300,2149,1700,32755,101676
2061-08,134517,11730,3133,1126,3506,11191,1591,793,33070,101447
2061-09,134643,7366,2519,1309,4709,14079,1418,943,32343,102300
2061-10,134738,8887,1735,2462,4261,14180,1793,584,33902,100836
2061-11,134852,11765,2162,1626,2063,13414,1938,1418,34386,100466
2061-12,134997,7181,3112,1490,3878,13534,2248,812,32255,102742
2062-01,135149,11014,3382,1812,4987,13159,2906,1826,39086,96063
2062-02,135333,7073,2955,1339,4394,12693,2370,1148,31972,103361
2062-03,135491,8580,2613,1295,4159,13248,1342,600,31837,103654
2062-04,135657,7627,2924,1027,4984,11985,2560,557,31664,103993
2062-05,135747,8181,2854,1248,4597,10901,2964,1598,32343,103404
2062-06,135938,8881,2691,1770,3526,11378,2248,645,31139,104799
2062-07,136103,11868,2558,1701,4048,14248,1428,1007,36858,99245
2062-08,136278,10586,3005,1344,3935,11761,1220,1222,33073,103205
2062-09,136352,10623,2705,2522,4888,11664,2065,980,35447,100905
2062-10,136481,7462,2925,2569,2344,10044,2669,520,28533,107948
2062-11,136652,11983,2372,1047,3514,12598,1286,1501,34301,102351
2062-12,136711,8040,2255,1273,2955,12647,2779,880,30829,105882
2063-01,136833,6478,1514,1515,2190,11191,2544,1120,26552,110281
2063-02,137019,7411,2732,1271,2142,13332,1787,578,29253,107766
2063-03,137214,6622,3293,2628,4572,13260,2118,1116,33609,103605
2063-04,137271,6066,3019,1190,4815,14616,1989,1640,33335,103936
2063-05,137331,11730,1984,2532,3187,14471,1652,1791,37347,99984
2063-06,137417,11193,3031,1072,4355,10198,2153,1071,33073,104344
2063-07,137489,7638,3331,2855,3510,11174,2692,1729,32929,104560
2063-08,137627,6798,2957,1787,4795,14304,1492,1653,33786,103841
2063-09,137689,11753,2370,1731,3129,13446,2605,1197,36231,101458
2063-10,137837,10689,3110,1885,4899,11215,1324,1478,34600,103237
2063-11,137945,7490,2393,2390,2143,14479,1215,1884,31994,105951
2063-12,138062,9086,1716,2515,4998,12917,2635,966,34833,103229
2064-01,138160,7167,1610,2013,2231,13655,2745,1094,30515,107645
2064-02,138251,7296,3226,1172,2972,11030,2178,1045,28919,109332
2064-03,138336,9992,2017,2943,2913,12181,1284,1649,32979,105357
2064-04,138466,8378,3061,2406,4941,13553,2307,1398,36044,102422
2064-05,138590,7189,2712,1077,4994,10687,1020,1065,28744,109846
2064-06,138742,10922,2851,1178,3811,13183,2759,1582,36286,102456
2064-07,138862,7644,3420,1668,2190,11335,1707,1558,29522,109340
2064-08,139034,10482,3281,1236,2615,12330,1000,963,31907,107127
2064-09,139170,9624,2646,1842,3321,10689,1574,664,30360,108810
2064-10,139346,8256,3262,2455,3412,11583,1223,502,30693,108653
2064-11,139511,11806,2969,1610,2115,10446,2391,1776,33113,106398
2064-12,139621,10510,2618,2808,4939,13699,1662,1573,37809,101812
2065-01,139749,9150,3105,2050,4318,14657,1803,746,35829,103920
2065-02,139806,9662,1886,1701,4606,10983,2511,851,32200,107606
2065-03,139971,10848,2280,2024,2545,14174,2259,833,34963,105008
2065-04,140141,7105,2001,2990,3500,13998,2727,1264,33585,106556
2065-05,140228,8061,1891,2370,4357,13639,2117,1616,34051,106177
2065-06,140361,8644,2968,1756,3045,13556,2807,805,33581,106780
2065-07,140532,9199,2124,1938,2847,10441,1502,629,28680,111852
2065-08,140713,6596,3458,2505,2861,12640,1998,824,30882,109831
2065-09,140831,9731,1947,2551,4866,13236,2511,1208,36050,104781
2065-10,140946,6264,3398,1611,4879,12721,2462,656,31991,108955
2065-11,141105,7632,2029,1326,2894,10512,1215,1655,27263,113842
2065-12,141158,8172,2605,2306,3706,12106,2567,660,32122,109036
2066-01,141235,8153,2628,2462,2227,13653,1317,1987,32427,108808
2066-02,141318,11718,3405,1873,2471,11079,1624,512,32682,108636
2066-03,141385,8741,2472,1112,2228,10170,1294,688,26705,114680
2066-04,141513,6918,2705,1498,3821,12809,1865,1325,30941,110572
2066-05,141629,8118,1747,1145,3641,14565,2529,692,32437,109192
2066-06,141746,9888,1551,1881,4410,11820,1916,973,32439,109307
2066-07,141873,8568,3286,2454,3867,12738,2221,1651,34785,107088
2066-08,141942,11530,3457,1839,2240,13440,1535,1907,35948,105994
2066-09,142074,11077,3354,2720,2950,10610,1573,785,33069,109005
2066-10,142145,10554,2735,1125,3522,12601,1609,1681,33827,108318
2066-11,142306,8449,3282,1121,2272,11317,1397,970,28808,113498
2066-12,142465,7301,3486,2591,3910,11505,2826,1637,33256,109209
2067-01,142639,10915,2352,2500,4757,11956,1320,678,34478,108161
2067-02,142817,7551,1991,2914,2060,11077,2703,1037,29333,113484
2067-03,142946,10160,3135,1585,3727,13960,2722,1034,36323,106623
2067-04,143130,10011,2192,2350,4155,11004,1451,1729,32892,110238
2067-05,143257,11135,1826,1607,4706,10001,2033,933,32241,111016
2067-06,143431,7104,1984,1651,3861,12920,2363,628,30511,112920
2067-07,143538,7221,1710,2937,2901,13168,2302,1034,31273,112265
2067-08,143722,9918,2567,1026,4841,10547,1620,1066,31585,112137
2067-09,143840,7590,3413,2632,2847,14694,1805,1857,34838,109002
2067-10,143924,8126,2078,2878,4460,10545,2632,668,31387,112537
2067-11,144044,8562,2837,1031,4334,12641,2066,1116,32587,111457
2067-12,144094,9644,1769,2203,3759,12565,2126,1533,33599,110495
2068-01,144214,9161,1725,1669,3763,13168,1073,1714,32273,111941
2068-02,144314,10151,2219,1552,4079,13598,1573,1166,34338,109976
2068-03,144391,11840,3355,2517,4234,14593,2465,629,39633,104758
2068-04,144567,8060,2794,2624,4491,12494,1985,1492,33940,110627
2068-05,144690,8584,1600,1175,2426,13188,2189,540,29702,114988
2068-06,144827,10461,2643,1608,4704,14823,1228,1324,36791,108036
2068-07,145006,11471,2388,2341,4883,14212,1817,867,37979,107027
2068-08,145149,10263,2453,2738,3364,12708,2937,1194,35657,109492
2068-09,145272,6912,1773,2577,2495,13795,1100,1056,29708,115564
2068-10,145403,7552,1572,2037,2156,10734,1131,1861,27043,118360
2068-11,145600,10654,1606,2643,4312,13276,2102,654,35247,110353
2068-12,145664,6996,1746,1530,4905,14824,2177,653,32831,112833
2069-01,145805,11599,3216,2154,4497,12857,1786,772,36881,108924
2069-02,145930,10272,3219,1830,2642,14662,1665,1878,36168,109762
2069-03,146031,9701,3298,2069,4349,14503,2212,1321,37453,108578
2069-04,146142,7152,2060,2560,3141,12511,1143,941,29508,116634
2069-05,146283,9205,3435,1147,3359,13142,2256,1857,34401,111882
2069-06,146375,8713,1589,2357,2198,14633,2144,800,32434,113941
2069-07,146487,9010,2959,1067,4506,11537,1397,1119,31595,114892
2069-08,146566,11680,2663,1729,2555,13661,2751,1393,36432,110134
2069-09,146713,8795,1781,1660,4971,11959,2601,1245,33012,113701
2069-10,146849,7102,2728,1790,4351,11299,2722,1057,31049,115800
2069-11,147029,11302,2791,2831,3535,10077,1783,1862,34181,112848
2069-12,147122,7532,1737,2157,3996,13427,1277,1541,31667,115455
2070-01,147183,10275,1622,2269,3757,13122,2094,979,34118,113065
2070-02,147280,7797,1583,2178,4612,10815,1646,942,29573,117707
2070-03,147398,6142,1691,2410,2377,10534,2716,1816,27686,119712
2070-04,147456,9342,2910,1092,3989,14500,1839,1672,35344,112112
2070-05,147626,9338,1921,2863,3641,10471,1892,1046,31172,116454
2070-06,147794,9597,3026,2037,4825,13723,2829,863,36900,110894
2070-07,147962,9309,2045,2192,4569,14729,2936,1462,37242,110720
2070-08,148126,9840,2279,1870,2515,12985,2420,1365,33274,114852
2070-09,148281,11204,1713,2144,4897,12244,1018,1141,34361,113920
2070-10,148342,11200,1829,1865,2773,14487,1636,806,34596,113746
2070-11,148402,9518,2964,1894,4699,12567,2785,1135,35562,112840
2070-12,148504,6739,3045,1468,4259,11135,2031,1303,29980,118524
2071-01,148659,10555,1752,2549,2751,10853,2684,735,31879,116780
2071-02,148758,6477,2178,2043,4263,14230,1904,1652,32747,116011
2071-03,148845,7269,3224,2579,2085,12603,2865,1898,32523,116322
2071-04,149016,7680,2574,1241,2919,10069,2876,556,27915,121101
2071-05,149191,8086,2300,2466,3041,12779,1824,1255,31751,117440
2071-06,149336,7995,3339,2321,4330,10109,2016,1703,31813,117523
2071-07,149417,11865,3317,1024,2842,12838,1737,556,34179,115238
2071-08,149592,6342,1976,2822,4623,10454,2255,788,29260,120332
2071-09,149643,10625,2186,1928,4276,10595,2826,934,33370,116273
2071-10,149806,11877,1901,1621,4135,13964,2565,808,36871,112935
2071-11,149993,6342,1935,1176,2138,10193,2209,1741,25734,124259
2071-12,150055,9879,3124,2859,4962,14836,1861,1798,39319,110736
2072-01,150127,11370,2833,2743,4880,12187,1791,1045,36849,113278
2072-02,150229,11112,3427,2553,2056,10004,2433,1937,33522,116707
2072-03,150291,7362,3320,2282,4137,12663,1890,1197,32851,117440
2072-04,150416,8945,2470,2131,2667,12636,1484,1481,31814,118602
2072-05,150467,11092,3426,1281,3227,10253,2211,828,32318,118149
2072-06,150548,8830,2496,2420,3540,13401,2843,1344,34874,115674
2072-07,150707,11297,2154,2385,2759,11798,2063,1423,33879,116828
2072-08,150855,6254,2666,2775,3876,12757,1576,1399,31303,119552
2072-09,150915,10121,2456,1420,3244,11008,1218,960,30427,120488
2072-10,151087,6989,1688,1254,2067,14711,1335,1170,29214,121873
2072-11,151189,10969,2932,1299,3625,14452,1255,1507,36039,115150
2072-12,151335,7755,3044,1523,4997,12803,2717,783,33622,117713
2073-01,151440,6098,1696,1481,2877,11868,1614,1117,26751,124689
2073-02,151598,8415,2069,1589,3065,10421,1835,1704,29098,122500
2073-03,151680,10166,3091,2128,3223,13172,1767,806,34353,117327
2073-04,151803,11802,1876,1654,4725,12446,2796,720,36019,115784
2073-05,151935,10277,1806,1521,3419,11013,1003,1362,30401,121534
2073-06,152130,10943,2303,2304,2214,13019,2633,1943,35359,116771
2073-07,152280,9010,3044,1572,3332,14753,1938,1586,35235,117045
2073-08,152450,10086,1725,1104,3997,10771,2884,1948,32515,119935
2073-09,152527,8729,2859,1587,2865,12793,2536,1690,33059,119468
2073-10,152672,8415,1750,1858,2855,13757,2193,1613,32441,120231
2073-11,152770,11565,1793,1918,3173,13203,1432,558,33642,119128
2073-12,152887,8246,1714,1897,2471,13815,1246,881,30270,122617
2074-01,153047,11287,2059,2074,3834,14022,2751,1188,37215,115832
2074-02,153220,9151,2196,2390,3484,14573,2003,1425,35222,117998
2074-03,153382,11233,2516,1753,4550,10587,2334,1992,34965,118417
2074-04,153487,9934,2567,2438,2206,12198,1667,1027,32037,121450
2074-05,153685,7998,2668,2009,4084,14428,1402,913,33502,120183
2074-06,153779,10157,1919,1867,3491,10018,1364,1823,30639,123140
2074-07,153835,9832,1927,2140,2579,10545,2729,824,30576,123259
2074-08,153939,10873,2491,1041,3320,14044,1230,952,33951,119988
2074-09,154110,11641,2881,2467,3151,12738,2428,891,36197,117913
2074-10,154251,6880,3266,2101,2084,14144,2800,1668,32943,121308
2074-11,154369,9129,2196,2597,4526,12867,2468,1819,35602,118767
2074-12,154481,8194,3007,2329,3869,10445,1220,1901,30965,123516
2075-01,154638,9337,1594,1261,3848,14992,2094,718,33844,120794
2075-02,154708,6091,1626,1079,3847,13309,1982,1895,29829,124879
2075-03,154905,8533,2193,1024,2155,13588,1631,1580,30704,124201
2075-04,155047,10114,2907,2888,3216,11410,2449,776,33760,121287
2075-05,155136,9394,2676,1638,2236,10997,1054,1959,29954,125182
2075-06,155294,9937,2707,2974,3391,10372,1972,700,32053,123241
2075-07,155424,8556,2845,1274,4258,10503,2926,1641,32003,123421
2075-08,155515,6314,2287,1328,3040,14378,1942,757,30046,125469
2075-09,155627,10669,2111,2042,3552,14518,2489,1896,37277,118350
2075-10,155757,11670,3071,1423,2428,13459,2944,703,35698,120059
2075-11,155835,7992,1695,1306,3687,14109,2860,1669,33318,122517
2075-12,155941,6722,2279,2233,2528,14893,1343,1802,31800,124141
2076-01,156119,9406,2811,1251,4318,11947,1919,918,32570,123549
2076-02,156195,11484,2599,2683,4772,12480,1108,1140,36266,119929
2076-03,156254,7070,1878,2850,3119,14198,1891,1353,32359,123895
2076-04,156449,7903,3465,2951,3755,10678,2968,1488,33208,123241
2076-05,156580,8475,3107,1821,3502,11789,2185,1431,32310,124270
2076-06,156775,11157,3478,1510,4440,12042,1712,993,35332,121443
2076-07,156859,10689,1888,2421,4205,11027,1166,1991,33387,123472
2076-08,157058,9230,2802,1815,2403,14988,1677,1834,34749,122309
2076-09,157175,6087,1716,1000,3158,14273,1809,1881,29924,127251
2076-10,157348,11003,3394,1657,4497,14681,1462,1489,38183,119165
2076-11,157505,8064,2719,1326,2317,11502,2275,1002,29205,128300
2076-12,157673,6709,3021,2509,2044,14409,2202,917,31811,125862
2077-01,157766,9854,2601,1325,3439,12261,2877,573,32930,124836
2077-02,157866,11698,2008,1331,2687,14752,2542,1792,36810,121056
2077-03,158035,9905,2527,2161,4647,10324,1991,1216,32771,125264
2077-04,158105,8583,3009,2539,2151,10954,2506,758,30500,127605
2077-05,158222,10964,2691,1687,2309,11502,2079,1119,32351,125871
2077-06,158311,9395,2313,1845,3164,14762,1261,1943,34683,123628
2077-07,158459,7872,2269,2784,2179,10065,1819,1871,28859,129600
2077-08,158530,7390,2630,1438,2834,10226,2467,941,27926,130604
2077-09,158719,6727,3104,1083,3036,11832,2848,1192,29822,128897
2077-10,158780,7548,2643,1969,4400,13957,2359,1139,34015,124765
2077-11,158864,10354,3411,1516,4777,10522,2917,1338,34835,124029
2077-12,159030,7929,3397,2139,4209,13783,1542,1760,34759,124271
2078-01,159150,10076,2589,2093,4494,12579,1440,1237,34508,124642
2078-02,159339,8758,3074,2680,3580,12373,2916,1614,34995,124344
2078-03,159458,7189,2141,1213,3875,13406,2787,868,31479,127979
2078-04,159600,7607,3200,1048,3075,13861,2649,1762,33202,126398
2078-05,159782,9046,2285,2189,3397,13826,1478,1331,33552,126230
2078-06,159969,11710,2181,2658,4735,10081,1086,724,33175,126794
2078-07,160034,6821,2881,1162,4561,12397,2932,1180,31934,128100
2078-08,160142,11956,2898,2115,4228,12790,2324,1159,37470,122672
2078-09,160215,11978,3385,2337,4540,10922,2945,627,36734,123481
2078-10,160271,11545,3082,1564,4597,12500,1470,1487,36245,124026
2078-11,160373,6223,1653,1559,2350,11928,2599,848,27160,133213
2078-12,160547,7017,1678,2062,2771,14124,1371,596,29619,130928
2079-01,160698,11561,2726,2434,4068,11125,2069,565,34548,126150
2079-02,160838,10042,2634,1337,4170,10446,1610,1814,32053,128785
2079-03,160990,8944,1780,2066,2595,11986,1702,1574,30647,130343
2079-04,161169,10305,1625,1491,2969,10580,1776,757,29503,131666
2079-05,161228,9185,2599,1675,2501,12132,1048,1337,30477,130751
2079-06,161408,6969,2912,2005,4265,13052,2369,1753,33325,128083
2079-07,161483,7607,2784,2789,2270,10122,1655,1780,29007,132476
2079-08,161676,11540,1758,1947,4094,14958,1524,1387,37208,124468
2079-09,161780,8794,1648,2857,2437,12202,2701,1613,32252,129528
2079-10,161891,10453,2697,2240,3930,14551,1775,1128,36774,125117
2079-11,162004,6485,2032,1199,2370,11982,1852,1971,27891,134113
2079-12,162073,8311,2581,2325,4078,11521,2272,1104,32192,129881
2080-01,162131,9342,3129,2689,3417,14597,2615,1607,37396,124735
2080-02,162289,8933,2048,2365,2838,13815,2116,1347,33462,128827
2080-03,162440,10507,1931,1677,2158,14468,1224,1596,33561,128879
2080-04,162580,10311,3496,2625,3564,14018,2840,1487,38341,124239
2080-05,162701,6726,2744,2412,4601,13718,2065,1175,33441,129260
2080-06,162855,6282,2581,2837,4881,12584,2096,1422,32683,130172
2080-07,163033,9497,2447,1664,3717,10066,1005,1136,29532,133501
2080-08,163140,9397,2064,2601,2825,13670,2025,703,33285,129855
2080-09,163339,6804,1903,2126,2535,11391,2235,1076,28070,135269
2080-10,163517,10723,2248,2501,2104,14141,1822,1854,35393,128124
2080-11,163611,8892,1948,1535,4558,13618,2559,1039,34149,129462
2080-12,163676,9642,1742,2973,2911,11294,1760,1204,31526,132150
2081-01,163804,7753,1614,2603,3322,12441,2098,1477,31308,132496
2081-02,163956,6296,2501,1177,4362,14354,2739,506,31935,132021
2081-03,164054,9609,1660,2892,2175,12502,2951,775,32564,131490
2081-04,164220,6675,3323,2051,3356,13072,2211,555,31243,132977
2081-05,164304,11231,3321,2333,4083,12040,1438,1094,35540,128764
2081-06,164418,9396,3163,1306,2618,11132,2395,856,30866,133552
2081-07,164567,11795,1567,1291,4739,14276,2489,933,37090,127477
2081-08,164762,7557,1565,2044,3635,12431,2835,538,30605,134157
2081-09,164840,10917,2101,2620,2784,14766,2266,1596,37050,127790
2081-10,164938,6100,2013,2779,2175,10237,1909,1582,26795,138143
2081-11,165084,11218,3477,1870,3977,12542,1946,1254,36284,128800
2081-12,165174,8258,2646,2252,3411,14235,1540,1914,34256,130918
2082-01,165237,11131,3390,2412,2505,11129,1031,1597,33195,132042
2082-02,165367,11188,2312,1361,3456,14067,1099,508,33991,131376
2082-03,165478,7052,3416,2137,4509,14727,1681,656,34178,131300
2082-04,165606,9932,1759,1081,2753,14016,2195,1754,33490,132116
2082-05,165730,7293,3422,1625,2061,14969,1319,601,31290,134440
2082-06,165885,11841,2453,1254,3555,14207,1984,1836,37130,128755
2082-07,166053,9533,3388,2115,3075,13876,1519,1311,34817,131236
2082-08,166200,7924,2897,2604,2926,14652,1648,733,33384,132816
2082-09,166281,10674,2041,1113,4251,11052,1642,973,31746,134535
2082-10,166360,11000,3445,1385,2061,14610,1429,1079,35009,131351
2082-11,166434,9762,2664,1742,3323,12722,1310,970,32493,133941
2082-12,166620,11761,2968,2781,2808,10171,1575,530,32594,134026
2083-01,166716,10225,1851,1977,3645,10057,2129,1311,31195,135521
2083-02,166839,6767,3347,1682,4008,13142,2790,1977,33713,133126
2083-03,167006,9906,1896,2538,4073,10312,1125,1931,31781,135225
2083-04,167108,11317,2310,1187,4745,12857,1715,949,35080,132028
